Chr,pos,Other_allele,coded_all,MetaBeta,BImet_meta.p
1,417,T,G,1.15437988329647,0.480258113704622
1,1092,A,C,0.858472833727464,0.682697645621374
1,1157,G,C,0.298218417250719,0.0631193032022566
1,1831,T,C,0.350830856080355,0.331677406094968
1,2273,C,G,-0.840051395701113,0.901445293100551
1,3280,C,A,0.120879038567446,0.74634650349617
1,3647,C,A,0.759553660440262,0.99587212014012
1,5686,G,T,0.601690451759251,0.188343732384965
1,7153,C,G,1.49247112799312,0.999341296497732
1,9350,C,A,-1.28057507226181,0.405342151410878
1,9584,G,C,0.635455159060581,0.417330955620855
1,9687,A,C,-1.9417124066987,0.442324991570786
1,9831,T,C,0.0575645660811413,0.642729819053784
1,10162,A,C,1.93316422601952,0.302398235769942
1,10336,G,T,-0.557857701819985,0.608780841343105
1,10824,A,T,-0.417227778868121,0.0496589236427099
1,11803,C,A,-1.63512600385127,0.391966067487374
1,11890,G,C,-1.43392982888656,0.29519237880595
2,11,T,C,-0.368427933696154,0.8713166534435
2,932,A,T,0.605052005894382,0.367436001310125
2,2081,A,G,0.782459963816802,0.628709236625582
2,2775,C,A,0.49591740994728,0.645096208900213
2,3896,A,G,-0.812719391599726,0.137513315770775
2,4640,C,A,-0.758147285521762,0.149110668571666
2,4754,T,G,-1.82390996574269,0.0684245906304568
2,5391,A,G,1.57190706404079,0.0657568604219705
2,5397,A,C,1.42211659074958,0.651446958305314
2,5767,T,G,1.32204833957516,0.860024793772027
2,5885,A,T,-0.32006035278354,0.841818788554519
2,6511,T,C,0.405410966593899,0.119598281569779
2,6542,G,A,0.0545462664977727,0.792553080711514
2,6547,A,C,0.149122505447373,0.840407234383747
2,6696,C,T,1.23616507411024,0.316957852104679
2,6853,G,T,-0.595887582098698,0.432012976147234
2,8139,A,T,0.419355300385866,0.963438570965081
2,9196,C,G,-1.61451210460186,0.225535811157897
2,9229,A,T,-0.720222343314956,0.665982170030475
2,9356,T,G,1.6356287557005,0.892482163850218
2,10479,A,G,-0.380904004333033,0.798033697996289
2,10604,T,G,1.54736846012484,0.149039198644459
2,11353,A,T,1.05025550337145,0.764960096683353
3,248,A,T,0.847470485817096,0.908108804607764
3,673,G,T,0.179151786021746,0.681762652006
3,1238,A,C,0.785785961996793,0.119659634307027
3,1485,T,A,-0.693649390611764,0.521932512056083
3,3729,C,T,0.383799905796329,0.928942374885082
3,3860,G,A,-1.44230633518615,0.851164308842272
3,4215,C,G,-1.27593138017066,0.359810367226601
3,4568,C,A,-0.560000640954425,0.456690555438399
3,4845,A,C,0.0950709080897967,0.969610141590238
3,6281,T,G,-0.491827605358247,0.171603333204985
3,6714,A,G,0.653065191492233,0.635594926774502
3,7500,C,G,1.00971774582432,0.42436024476774
3,8143,C,G,-1.89292978938932,0.520566810155287
3,8988,T,C,0.540052290904064,0.536862972658128
3,10128,T,C,0.0210540026794189,0.909650503890589
3,11605,A,C,1.00126651152903,0.789296313887462
3,11935,A,C,-1.56861279393621,0.870321037247777
3,12091,A,T,1.05969867171007,0.111857347888872
4,656,T,C,-0.458659465696392,0.125512135215104
4,1059,A,T,-0.120494250131865,0.610977650852874
4,1457,G,A,-1.64647117836266,0.314608121989295
4,1662,G,A,-0.183570409086036,0.934972973773256
4,1776,G,C,0.953155893212499,0.117782612331212
4,1955,C,A,-0.537429476593208,0.8594941329211
4,2380,G,C,0.259400489204013,0.0864425709005445
4,2713,C,A,0.328552204799019,0.594772548880428
4,3508,C,A,-0.91503732018644,0.191166323842481
4,4560,T,G,-0.0188746177606906,0.634841154562309
4,4940,C,A,-2.06442589742023,0.0239572427235544
4,5078,C,A,1.29356902801831,0.164179515093565
4,5260,C,A,0.880277605480476,0.597980321850628
4,6067,A,C,-0.113307737578545,0.103793955640867
4,6663,T,G,0.0341502737871863,0.0525408375542611
4,6816,A,T,-0.808666642926302,0.0288516404107213
4,7115,G,A,-0.321988596971309,0.401824667816982
4,7755,T,A,0.37281063066843,0.822546151466668
4,7987,T,A,-0.543795524283007,0.0478838903363794
4,8226,T,C,1.5242816626893,0.745505575090647
4,8237,T,A,0.470731923034552,0.44992005918175
4,8513,T,A,-1.03898749265069,0.619844944216311
4,8613,G,C,1.33806647001989,0.138309070141986
4,8784,A,T,-1.10557459122106,0.418923640390858
4,9209,C,T,1.33208249396259,0.663008054485545
4,9210,C,G,1.26055178616696,0.0475562668871135
4,9684,C,G,-0.457286515426129,0.196053366642445
4,10123,C,A,1.28087248264176,0.211482622195035
4,10413,T,G,-0.256325510493108,0.773799734655768
4,10551,A,C,0.117255695848154,0.160418107407168
4,11059,T,C,1.46434779803161,0.0577489112038165
4,11616,G,C,0.106437077522985,0.43880703067407
5,681,C,A,0.755062233412924,0.423615544801578
5,1071,C,G,-2.36263404276498,0.151765537215397
5,2064,G,T,0.32519885526678,0.972781362012029
5,2172,G,T,-1.40819491642957,0.501330621307716
5,2442,A,C,-0.643081827048856,0.42574875196442
5,2816,A,G,-0.364258295983197,0.246014067903161
5,3012,C,G,3.05014321183719,0.900652302894741
5,3658,A,C,1.10154557828492,0.997230560518801
5,3811,C,G,-0.267924884086847,0.956353372894228
5,3967,A,C,-0.00466285261536369,0.47137741651386
5,4062,A,G,-2.74429979092473,0.177188523113728
5,5931,C,G,0.431805361800065,0.138906522188336
5,6441,G,A,-0.0466785513505942,0.0670171235688031
5,6508,G,T,-1.35567296750894,0.428794677834958
5,6632,T,C,-0.596941394245058,0.352668748935685
5,7591,C,T,0.607724704981362,0.674121917458251
5,7702,T,C,0.784639385260602,0.0245639036875218
5,7918,T,A,-0.227604696387947,0.893583529861644
5,8217,A,T,0.114660711323756,0.738516743062064
5,9699,T,A,-0.35368627322556,0.707905455492437
5,9839,C,A,-0.946879113827547,0.957241999916732
5,9876,A,T,1.49415706520406,0.657768450211734
5,10730,A,G,-1.29528869599856,0.056620848365128
5,12031,A,G,0.838755172515294,0.629266569158062
5,12110,C,G,-0.618086668711227,0.466208949917927
5,12150,G,T,-0.215628355769611,0.677539336495102
6,540,C,G,2.21119298085768,0.474965835921466
6,1258,C,A,-2.1740345362191,0.233425833052024
6,2024,A,C,-0.414703154159207,0.161255909828469
6,2918,G,T,0.0555910938495651,0.000491617014631629
6,3278,C,G,2.17613089169606,0.00672569032758474
6,3926,T,A,-0.402840486569258,0.806342690251768
6,4188,T,A,-0.251448416048494,0.169959107646719
6,4986,G,T,0.717889867612737,0.855081414338201
6,5126,C,A,0.175300706867559,0.282714955275878
6,5290,T,G,1.47733898730064,0.434364252025262
6,5678,A,C,1.80007775557304,0.735759127885103
6,5768,A,G,0.0830663455725902,0.11824761191383
6,6205,T,A,1.16467509957415,0.762419289676473
6,6437,G,C,0.201114394173574,0.904185616411269
6,6959,C,A,-0.267345474258089,0.898821659386158
6,7071,C,T,0.327902551371855,0.70593253755942
6,8346,C,A,1.24628771103396,0.245533669134602
6,8407,C,T,0.505728663122428,0.985158593393862
6,9488,A,C,-0.700949456051657,0.42647753492929
6,9641,A,C,-1.21901868907953,0.101328544085845
6,10388,A,T,-1.31374449566842,0.404687281930819
6,10544,G,T,0.0405168062500829,0.110503773204982
6,11043,G,A,-0.0282169411791917,0.176245610462502
6,11974,A,T,1.73342788171235,0.293749912641943
7,1264,C,A,0.173506837912062,0.180887516122311
7,1514,T,A,0.0571300459614516,0.450761643704027
7,1597,C,G,0.885596385095355,0.0967818736098707
7,1661,T,G,-0.85878732744181,0.620815209113061
7,1671,A,C,0.822511006312336,0.309207554440945
7,2170,A,T,-0.36076915236502,0.528592543210834
7,2465,T,G,0.0360054252507901,0.437338647432625
7,3306,C,A,-0.652244257258648,0.258371873293072
7,3834,G,A,-1.38944408260864,0.155785460723564
7,4345,A,G,-2.02581749496236,0.389759949641302
7,4385,A,C,1.06333179436394,0.434942026855424
7,4750,A,G,-1.50010990692214,0.784550119657069
7,5380,A,T,0.133084784480898,0.59308086684905
7,5413,T,G,-0.902665744771556,0.683744388166815
7,5763,C,G,-1.16835515102196,0.201755888294429
7,6430,C,T,1.38330537266514,0.50213993806392
7,6768,G,C,0.792301447715409,0.0972987210843712
7,9566,A,T,0.995316795984048,0.842135276179761
7,10631,A,G,0.3456762044409,0.0907378781121224
7,10733,G,A,-1.05193544342956,0.832597128348425
7,11036,A,T,0.333300915592503,0.301503599155694
7,11462,C,A,0.992303810584969,0.519666921813041
7,11481,C,G,-1.00512369575269,0.545365245779976
7,11877,A,T,2.17941813404396,0.606290004448965
7,12224,G,T,-1.22875200871405,0.446411594748497
8,166,T,G,1.18805580275678,0.294865242904052
8,772,G,T,-1.44951444403876,0.713286041282117
8,1678,T,G,-0.255360297300896,0.3649409012869
8,2123,G,A,1.13112481305366,0.332455623196438
8,3540,C,A,0.979222847231712,0.188807601574808
8,3786,A,C,-0.577591156129017,0.964325221255422
8,4801,G,A,1.6494686245377,0.446529740234837
8,4945,T,A,-0.663469714118608,0.743755231844261
8,5120,G,A,0.720035671018061,0.996319873025641
8,5361,T,C,0.114729034566266,0.690907192416489
8,5650,A,C,-1.12811013166472,0.27218561549671
8,6497,G,T,0.270403770396547,0.0110390651971102
8,6677,A,T,-0.384205917219818,0.504628860624507
8,7039,A,T,0.836213584003809,0.165482155047357
8,7423,G,C,2.22422781142055,0.698753797682002
8,7802,T,G,-1.59547484434775,0.767915113363415
8,8489,A,T,0.296736219345458,0.0813846399541944
8,10066,T,G,-0.160943882152083,0.997923422139138
8,12137,C,G,0.198554964696162,0.102427967824042
8,12249,G,A,-1.306391635256,0.945173423737288
9,363,C,G,0.203493910116245,0.324695819988847
9,483,T,G,0.778482309113992,0.417747583240271
9,601,G,T,1.60546266883388,0.995220803190023
9,912,T,C,1.35241295795258,0.696443475084379
9,966,A,C,0.726314310218775,0.827135936357081
9,1900,A,T,-0.298760076606906,0.85692160576582
9,2255,A,T,-2.53689672080852,0.0441383353900164
9,2689,G,C,0.19662054033434,0.781189094064757
9,3947,T,A,-1.47449055590003,0.168414952000603
9,5599,G,A,1.35586703110572,0.339158741058782
9,5875,A,T,-0.128145823723665,0.0932841391768306
9,6214,C,T,-0.610694524264872,0.669217621441931
9,6652,C,T,-0.557892812670857,0.514014406595379
9,6684,A,C,-0.736833488513265,0.0600976662244648
9,7491,C,T,-1.61879727001473,0.258926965296268
9,8507,G,C,0.669090089444504,0.17631519655697
9,9102,C,A,-0.145588543592383,0.301637711003423
9,9545,C,G,-1.59619467963953,0.602366189938039
9,10171,C,A,0.208272118006348,0.392609474947676
9,11173,C,A,0.224183017232268,0.376101343892515
9,11881,A,T,0.0310564833274561,0.261631614062935
9,12103,G,T,-0.969696515450349,0.68450856092386
10,907,T,C,2.10923669606472,0.0125040255952626
10,1879,T,A,-1.79020361734619,0.186953133903444
10,2247,G,C,-0.307209454961361,0.476928500458598
10,2405,G,C,-0.155202317192875,0.642391618574038
10,2633,C,T,0.354432139762828,0.286984671605751
10,2787,T,G,1.37042457760087,0.111224990338087
10,4125,A,G,-0.485640308328223,0.888973334338516
10,4937,G,C,-0.505382506783493,0.245373679092154
10,5431,C,G,0.840920730220015,0.812757132109255
10,5601,G,A,0.891662068481057,0.0769475889392197
10,5671,A,T,-0.569706170420052,0.554459657287225
10,6251,T,G,-0.131664532166877,0.945527266478166
10,6428,A,T,-1.19075967268544,0.00256534898653626
10,6898,A,G,-0.163673577447262,0.246840821811929
10,7393,A,C,0.0150046435503716,0.321123358560726
10,7468,A,C,-0.131034082240628,0.839608191046864
10,7470,G,T,-2.5909515864522,0.387674711411819
10,8066,C,A,0.216068661227535,0.638391024665907
10,8463,T,C,1.36267411274478,0.780872310744599
10,8898,C,T,-1.06267595141876,0.533450697315857
10,9027,T,A,1.35422445643555,0.227070088731125
10,9676,G,A,-2.73306630176769,0.250470353290439
10,9913,T,A,-2.04194158264709,0.281043550930917
10,11556,T,A,-0.14053490181009,0.681225806474686
10,11961,G,T,-0.704548769572875,0.749641000758857
10,12212,C,T,0.428073481249913,0.0527384595479816
11,1884,A,T,-0.978025122206973,0.690155886346474
11,2353,C,T,-1.16213039693571,0.19627483910881
11,3718,C,A,0.46603759836739,0.128297289134935
11,3733,T,C,-1.32027736964323,0.544436696683988
11,4190,T,C,0.733006703073739,0.516169833019376
11,5331,A,G,0.445581930344008,0.182680161902681
11,5955,C,G,-1.58190263828564,0.778568122303113
11,6084,C,A,-0.323586964221422,0.573975198436528
11,7288,A,T,2.035760198606,0.210738353431225
11,7546,T,G,1.04077663567554,0.0333347041159868
11,8228,T,G,1.68308208939305,0.240391592029482
11,10501,C,A,1.1768996796833,0.362045436631888
11,10525,A,T,-3.05803393963577,0.502145474310964
11,10696,C,G,-0.929784221165606,0.986449470045045
11,10837,G,A,-0.725541162777436,0.214819528162479
11,10922,C,A,-0.140518991884685,0.437480508815497
11,11104,G,C,-2.36916645268005,0.677114779362455
11,11235,T,C,-1.68689580856199,0.734513223404065
11,11641,G,T,0.377170127407316,0.079500735970214
11,11695,A,C,1.992034574399,0.450421386631206
12,462,A,T,0.397777211028993,0.316633976064622
12,1120,G,C,-0.305968718605455,0.914216365432367
12,1995,A,T,-1.6431641832691,0.862586597446352
12,2386,C,T,0.758334203597559,0.330810316372663
12,2683,G,T,0.518736882035151,0.214556881692261
12,3396,G,C,-1.34499538236831,0.131592164747417
12,3398,A,T,-0.758633964657293,0.103352532023564
12,3603,G,C,-1.17859889096105,0.862381610553712
12,4429,T,C,-1.17794451184989,0.888801433378831
12,4535,G,T,-0.369520997600107,0.0840903532225639
12,5523,C,G,-0.220685961121445,0.67875264165923
12,5915,C,G,-0.625634652403093,0.37046869751066
12,5932,T,C,0.157723911830259,0.73647135659121
12,7312,C,A,0.464394802159224,0.595407964196056
12,7697,G,C,1.43309591135961,0.192517429823056
12,8587,C,G,-0.821697666601601,0.620863110292703
12,10913,C,T,-0.632622898952665,0.650207513943315
12,10985,G,A,1.01008219738603,0.210153622087091
12,10998,C,A,-0.764312091173094,0.82271566754207
13,162,G,A,0.0261373021113958,0.369581140577793
13,192,G,T,-0.682204674915764,0.74018942611292
13,594,T,G,2.63259628329316,0.466391073074192
13,916,T,A,-0.320319831948894,0.30687666288577
13,987,G,C,0.423711952692262,0.276144849834964
13,1205,G,A,-0.0132420176249377,0.459802625933662
13,1316,A,T,-0.0419358657326487,0.146461331518367
13,1813,T,C,0.137009582493706,0.761301876511425
13,2254,T,C,0.0270771919702717,0.548541366588324
13,2525,C,G,2.11381419044865,0.496595959644765
13,2721,A,G,-1.19365206315609,0.681770981056616
13,2890,A,G,-0.486295707567047,0.963107118615881
13,3218,T,C,-0.696013482352766,0.847028768621385
13,3226,A,C,0.450841437759507,0.137824645731598
13,3710,A,C,0.956915521929829,0.886771015124396
13,4039,A,T,0.596647154542893,0.824234603904188
13,4960,C,G,-0.250728950125303,0.747354813618586
13,5199,C,G,0.517090268197256,0.00893066800199449
13,5426,C,G,1.76349355681632,0.474119686987251
13,7060,T,G,-0.33102931385196,0.315678216516972
13,7355,C,G,-0.937573809637865,0.14629244687967
13,7607,A,C,0.701289970932864,0.787623669486493
13,8259,T,A,0.439676301560788,0.303840619046241
13,8324,T,G,1.60817060386339,0.707524605561048
13,9306,T,A,1.90762423858313,0.899149104952812
13,9749,T,C,0.00641971634160834,0.813619274413213
13,10013,T,C,-0.37094291354835,0.73387021292001
13,10205,A,C,0.124414512084608,0.351172630675137
13,10574,C,T,0.292431728404893,0.721824484644458
13,10909,G,A,0.567720702808835,0.0617020281497389
13,10950,C,A,1.64076014274477,0.387495817150921
13,12076,A,G,1.15170490448563,0.427503692451865
14,850,G,A,0.14636594755385,0.493654586840421
14,2412,C,A,0.0700386262834505,0.166825388325378
14,2910,C,A,0.120313325424383,0.999241134617478
14,3887,C,G,-1.15527454778496,0.905819468433037
14,4806,C,T,1.02714447183496,0.200872365385294
14,5119,G,C,-0.375280515161969,0.828370282193646
14,6077,T,C,-0.55974033162644,0.985812540631741
14,6500,A,T,0.267762906584528,0.523461698787287
14,6965,T,G,0.177890713692928,0.851780169643462
14,7541,C,G,1.04688010528624,0.148129701381549
14,8826,T,C,1.92044126950228,0.640126139624044
14,9129,T,C,0.0936273569982369,0.217376766493544
14,10073,T,G,0.072094794401124,0.0165737892966717
14,10256,T,A,-0.996229163549482,0.709268492879346
14,10268,C,T,-0.739747109984963,0.154270040336996
14,10485,T,A,0.84287197458653,0.034215607913211
14,11415,C,G,0.10983357184158,0.851015872089192
14,11723,A,G,1.26065276687984,0.888531698146835
14,11903,C,T,-1.05115863385462,0.286857676692307
15,612,A,G,-1.4879531568731,0.105792972026393
15,2837,G,T,1.83079205958779,0.1485286639072
15,3077,T,A,1.34758723351729,0.647019030991942
15,3775,C,G,0.690488294018434,0.889006499201059
15,3962,C,T,-0.120464598804399,0.148502915399149
15,4823,C,T,1.66294244977165,0.0526662424672395
15,5284,T,G,-0.222105023503064,0.437691120430827
15,5438,A,C,-0.236436612759898,0.821507378481329
15,6017,T,G,-0.300112874706471,0.969276127405465
15,6162,C,G,1.15257852230992,0.946460322244093
15,7130,T,A,-0.82189393165578,0.178481746464968
15,7433,A,T,0.39626673541226,0.896802520379424
15,7750,T,G,-1.168414222504,0.541019190335646
15,8467,T,C,-0.519383860724776,0.0200507098343223
15,8476,T,C,-0.68447887707506,0.250346535816789
15,9378,T,A,1.18304355009907,0.115673543186858
15,10705,G,C,-0.839370260464705,0.0607296796515584
15,11659,A,C,0.392583632505822,0.28995920275338
15,11800,G,A,0.307885932839448,0.405598534969613
16,254,T,G,-1.15380342856332,0.222967760404572
16,313,G,T,-0.22908772037925,0.634058320429176
16,583,C,T,1.37190235308529,0.384292230475694
16,1161,C,T,0.202593141561954,0.403896247502416
16,2673,G,A,0.633660072216015,0.232130507240072
16,3650,T,G,-0.07280054262394,0.293322048615664
16,4203,C,T,0.704349782636607,0.0631019815336913
16,5032,G,A,-1.50772239600233,0.760264534968883
16,5640,T,G,-0.818676506353681,0.292771150590852
16,5698,C,T,-0.613987725132176,0.812559144105762
16,5814,G,T,-1.41123395553196,0.00314901932142675
16,8227,T,C,-1.06388956965509,0.366968075511977
16,8360,T,C,-0.647124156938439,0.438666882459074
16,9631,T,G,-0.801579484157882,0.503920034505427
16,9756,A,C,0.0474868324704238,0.769226379925385
16,10104,C,T,-0.36852039562945,0.00955802900716662
16,10400,G,A,0.0537759480754919,0.62111798254773
16,10618,A,G,0.094887812106477,0.201746149221435
16,11363,G,C,0.405164828985008,0.429987441748381
16,11548,A,C,-0.122663652477994,0.970329366624355
17,100,A,C,1.1624942397254,0.225073153153062
17,797,C,T,1.29865209042041,0.331620870856568
17,1470,A,T,-1.41142887897596,0.445439447415993
17,1755,A,G,-0.963892380466339,0.491401666542515
17,1806,A,C,0.241083244413696,0.249399140477181
17,2082,C,G,0.520651249985466,0.864722296129912
17,2642,T,C,0.807630380306346,0.972107597393915
17,2740,C,T,0.155088272681139,0.575630042236298
17,3181,C,A,0.137690012170019,0.112881479319185
17,3414,T,A,0.714164408357261,0.356466271681711
17,3762,A,T,-1.05340370064752,0.640802634414285
17,4583,C,T,-0.0640716109765807,0.406944801332429
17,4590,C,G,0.384468871172096,0.340474712429568
17,5002,G,A,1.53274697688016,0.654308855999261
17,5373,C,T,-0.26173459448198,0.154700977029279
17,5818,C,G,-0.125019604245679,0.417960188118741
17,6617,T,G,-0.406535015037601,0.460757958469912
17,6922,C,G,-0.611361265738508,0.224183610174805
17,7036,T,A,-0.793072380674674,0.759714963613078
17,9137,A,G,0.743721041104527,0.416483961278573
17,9976,C,A,-0.595127549173249,0.660474931588396
17,11777,T,A,-1.58109286402229,0.531200325349346
17,12142,T,C,-0.0276313466493058,0.253037952119485
18,714,A,G,-1.25154328968089,0.0115674519911408
18,716,T,C,2.23060503434174,0.881328324321657
18,1182,T,A,0.303781181924984,0.901316566858441
18,1474,C,G,-0.619291386761598,0.632210072362796
18,1987,T,C,2.11315262377225,0.0487867703195661
18,2007,A,T,-0.69791128265015,0.850468896795064
18,2869,A,G,0.141012976484179,0.983848609030247
18,3933,A,C,0.67891875383933,0.656405264278874
18,4478,A,G,0.550392906384949,0.182301985565573
18,4807,G,T,-0.652020425414293,0.996032854309306
18,5219,G,T,-0.498604707961834,0.815222649369389
18,5403,T,C,0.501026137342301,0.240343259181827
18,6438,C,T,-0.335244848879368,0.714567352086306
18,7084,G,C,-0.253911325298124,0.863512406125665
18,7716,G,C,-0.4802964862983,0.0316657004877925
18,9619,G,T,-1.12227674022777,0.499335832428187
18,10122,T,A,-0.961517002489432,0.795047748601064
18,10314,T,C,1.19421748851829,0.916683943243697
18,11064,A,T,0.174054418377365,0.124485276872292
18,12128,T,C,1.87192798137495,0.538889865158126
18,12282,G,A,-0.660159609984558,0.149053792702034
19,906,C,A,0.206590010768812,0.338303301017731
19,1008,T,A,-0.454120934719304,0.894538071472198
19,1542,C,G,-0.535675783145386,0.338198500918224
19,2783,T,G,-2.81197491165646,0.122918459586799
19,4079,T,A,-1.16617090225328,0.283122218679637
19,4242,T,C,-0.308639938890811,0.616148131666705
19,4469,T,G,-1.85999985008059,0.04756716103293
19,4482,A,G,-2.11198379726098,0.835331722162664
19,5024,A,C,0.421102606979979,0.10018788673915
19,5270,A,C,0.0714552532689941,0.78775448538363
19,5285,G,C,-0.109094707103699,0.807447666767985
19,5516,T,C,-0.168986405398102,0.873159571550787
19,6140,T,A,-0.441156595873087,0.338134443387389
19,6878,A,G,-0.421928988257794,0.00767132663168013
19,7438,G,C,-0.417498732793152,0.916183772264048
19,7537,A,G,-1.24209833527553,0.295320181176066
19,8298,T,C,-0.777109447051245,0.15509385522455
19,8549,T,G,0.165950037857193,0.114469707943499
19,8808,G,C,0.067148345304053,0.985762791475281
19,8838,G,A,0.287184501877739,0.0631671799346805
19,10339,T,A,-0.732190633662965,0.792190530803055
19,10575,T,G,1.55269644299044,0.522982023889199
19,10721,A,G,1.02883915420003,0.0458955618087202
19,10906,G,T,0.0150168384471501,0.809170639608055
19,10994,A,T,0.385500461429406,0.817580960458145
19,11614,C,T,-0.447962884637424,0.417579469503835
19,11925,G,A,0.929681170676414,0.511437870329246
20,8,T,C,0.602018587552548,0.314070698572323
20,198,T,A,0.837423257937551,0.845399910816923
20,419,T,C,1.8668688461328,0.322800409980118
20,1459,G,A,1.39954668761735,0.566792886937037
20,1664,G,C,-0.291531672173502,0.572092134738341
20,2512,C,G,1.06184011589424,0.849374784855172
20,2897,G,A,-1.01222332868058,0.405160350957885
20,3772,T,G,0.784518765076134,0.882250947412103
20,3847,T,C,-1.96284410072247,0.304593251086772
20,4298,G,T,1.13757223798769,0.272309538908303
20,4394,A,T,1.22769939457617,0.577038846211508
20,6070,T,G,0.48892923587774,0.948457088088617
20,6757,C,A,-0.896941393329349,0.550522432196885
20,8270,T,C,0.165037998550076,0.808109014295042
20,8460,T,A,-1.11265888529603,0.552123771281913
20,8564,C,A,-0.556334477966895,0.313164143823087
20,8644,G,A,-1.75091399820289,0.402846276992932
20,9298,C,A,0.855922770675143,0.837299071019515
20,9780,G,C,1.12696662259118,0.257506128400564
20,10023,G,C,0.0514824939059359,0.0927888839505613
20,10650,G,C,1.71001329457595,0.865659748669714
20,11427,A,G,0.450862906848492,0.140240016160533
20,11692,G,T,0.704053414853295,0.505873249610886
21,179,A,T,-2.46073529910809,0.549383491277695
21,516,A,G,1.55142199773718,0.324642742751166
21,767,T,C,-0.209952115506359,0.390020238235593
21,808,G,T,-0.746225233026733,0.0920084160752594
21,1054,A,G,0.943389418740876,0.0704432595521212
21,1381,T,G,0.473133764199228,0.634814298711717
21,2306,T,G,0.0125058441106221,0.340066580567509
21,2414,G,A,1.65060817755429,0.959504372440279
21,3521,T,G,-0.435335056536835,0.62257513566874
21,3743,A,T,-0.415864408314204,0.230458523379639
21,4060,A,G,-0.323369985903218,0.314955190289766
21,4224,T,C,1.06912043801818,0.651992442784831
21,4917,C,A,0.0590463332023781,0.370100559433922
21,5001,T,A,-0.949606953752007,0.670061319833621
21,6370,G,T,-0.683823508356347,0.779653151985258
21,6453,T,C,0.664940393820357,0.152399639831856
21,8216,C,A,1.00344146769584,0.663848635740578
21,8699,G,T,-1.22819049116971,0.490064430283383
21,9529,A,T,-0.95184498112367,0.0236833342351019
21,10038,T,G,2.00829103324538,0.828517645131797
21,11313,C,A,-1.9797871618639,0.210640424164012
21,11630,G,T,2.33318617540124,0.0884528220631182
21,11678,A,C,0.107817340372356,0.922408899990842
22,1110,T,C,-1.5712661829886,0.292055290890858
22,1877,C,T,0.70658648112749,0.0694716367870569
22,2874,C,T,1.54590506224267,0.546247612219304
22,3421,T,A,0.138890962337891,0.118886799784377
22,4120,G,C,-0.657616672002722,0.5332902809605
22,4278,A,T,-0.722588943519705,0.664028827799484
22,4613,G,C,0.4243966731715,0.766338179353625
22,5935,A,C,0.499560734568925,0.923978922888637
22,6001,A,G,0.480600671778013,0.721056408947334
22,6037,G,T,-1.26744420615607,0.609621782321483
22,6616,T,G,1.05099170945787,0.973792650504038
22,6702,A,C,-1.38939431252689,0.391057525295764
22,7378,G,C,0.519254692731191,0.285608004778624
22,7851,A,C,-0.334356139008289,0.781804257771
22,8348,T,A,-0.938657871546477,0.530831897398457
22,8910,G,T,0.65289383243177,0.497754422947764
22,10357,A,G,-0.567125621552537,0.721660827053711
22,10368,T,C,-0.735392452870744,0.997934218961746
22,10683,T,G,-0.906358012489507,0.658984894631431
22,11406,A,T,-0.648477289205795,0.570241523440927
